/*
SQLyog Ultimate v11.11 (64 bit)
MySQL - 5.7.38-log : Database - questionnaire_db
*********************************************************************
*/

/*!40101 SET NAMES utf8 */;

/*!40101 SET SQL_MODE=''*/;

/*!40014 SET @OLD_UNIQUE_CHECKS=@@UNIQUE_CHECKS, UNIQUE_CHECKS=0 */;
/*!40014 SET @OLD_FOREIGN_KEY_CHECKS=@@FOREIGN_KEY_CHECKS, FOREIGN_KEY_CHECKS=0 */;
/*!40101 SET @OLD_SQL_MODE=@@SQL_MODE, SQL_MODE='NO_AUTO_VALUE_ON_ZERO' */;
/*!40111 SET @OLD_SQL_NOTES=@@SQL_NOTES, SQL_NOTES=0 */;
CREATE DATABASE /*!32312 IF NOT EXISTS*/`questionnaire_db` /*!40100 DEFAULT CHARACTER SET latin1 */;

USE `questionnaire_db`;

/*Table structure for table `hibernate_sequence` */

DROP TABLE IF EXISTS `hibernate_sequence`;

CREATE TABLE `hibernate_sequence` (
  `next_val` bigint(20) DEFAULT NULL
) ENGINE=InnoDB DEFAULT CHARSET=latin1;

/*Data for the table `hibernate_sequence` */

insert  into `hibernate_sequence`(`next_val`) values (125),(125),(125);

/*Table structure for table `login_table` */

DROP TABLE IF EXISTS `login_table`;

CREATE TABLE `login_table` (
  `id` int(11) NOT NULL,
  `enabled` int(11) DEFAULT NULL,
  `password` varchar(255) DEFAULT NULL,
  `role` varchar(255) DEFAULT NULL,
  `status` bit(1) DEFAULT NULL,
  `user_name` varchar(255) DEFAULT NULL,
  PRIMARY KEY (`id`)
) ENGINE=InnoDB DEFAULT CHARSET=latin1;

/*Data for the table `login_table` */

insert  into `login_table`(`id`,`enabled`,`password`,`role`,`status`,`user_name`) values (1,1,'12345','ROLE_ADMIN','','admin');

/*Table structure for table `loginsequence` */

DROP TABLE IF EXISTS `loginsequence`;

CREATE TABLE `loginsequence` (
  `next_val` bigint(20) DEFAULT NULL
) ENGINE=InnoDB DEFAULT CHARSET=latin1;

/*Data for the table `loginsequence` */

insert  into `loginsequence`(`next_val`) values (1);

/*Table structure for table `question_table` */

DROP TABLE IF EXISTS `question_table`;

CREATE TABLE `question_table` (
  `question_id` int(11) NOT NULL,
  `answer` varchar(255) DEFAULT NULL,
  `answer_description` varchar(255) DEFAULT NULL,
  `optionValue1` varchar(255) DEFAULT NULL,
  `optionValue2` varchar(255) DEFAULT NULL,
  `optionValue3` varchar(255) DEFAULT NULL,
  `optionValue4` varchar(255) DEFAULT NULL,
  `question` varchar(255) DEFAULT NULL,
  `question_description` varchar(255) DEFAULT NULL,
  `status` bit(1) DEFAULT NULL,
  `question_type_id` int(11) DEFAULT NULL,
  `skill_id` int(11) DEFAULT NULL,
  PRIMARY KEY (`question_id`),
  KEY `FKo08fxugawidhxd0hskjev4m0k` (`question_type_id`),
  KEY `FKjp7nx996q1qu6omjy077747dj` (`skill_id`),
  CONSTRAINT `FKjp7nx996q1qu6omjy077747dj` FOREIGN KEY (`skill_id`) REFERENCES `skill_table` (`skill_id`),
  CONSTRAINT `FKo08fxugawidhxd0hskjev4m0k` FOREIGN KEY (`question_type_id`) REFERENCES `question_type_table` (`question_type_id`)
) ENGINE=InnoDB DEFAULT CHARSET=latin1;

/*Data for the table `question_table` */

insert  into `question_table`(`question_id`,`answer`,`answer_description`,`optionValue1`,`optionValue2`,`optionValue3`,`optionValue4`,`question`,`question_description`,`status`,`question_type_id`,`skill_id`) values (3,'A','The greatest number that can divide 43, 91, and 183, leaving the same remainder in each case is 4.','4','7','9','13','Find the greatest number that will divide 43, 91 and 183 so as to leave the same remainder in each case?','Which of the following is the greatest number that can divide 43, 91, and 183, leaving the same remainder in each case - 4, 7, 9, or 13','',2,1),(4,'A','The least perfect square that is divisible by 21, 36, and 66 is 213444.','213444','214344','214434','231444','The least perfect square, which is divisible by each of 21, 36 and 66 is ?','What is the least perfect square that is divisible by 21, 36, and 66','',2,1),(5,'A','The percentage of a that is equal to b% of 20 is 4% of a','4% of a','5% of a ','20% of a ','None of these','If 20% of a = b, then b% of 20 is the same as?','If 20% of a is equal to b, what is the percentage of a that is equal to b% of 20?','',2,1),(6,'D','Four pumps must work for 12 hours a day to empty the tank in 1 day.','9','10','11','12','3 pumps, working 8 hours a day, can empty a tank in 2 days. How many hours a day must 4 pumps work to empty the tank in 1 day?','Three pumps, working 8 hours a day, can empty a tank in 2 days. How many hours a day must four pumps work to empty the tank in 1 day?','',2,1),(7,'C','The slower pipe alone will be able to fill the tank in 144 minutes.','81 min','108 min','144 min ','192 min','One pipe can fill a tank three times as fast as another pipe. If together the two pipes can fill the tank in 36 minutes, then the slower pipe alone will be able to fill the tank in?','If one pipe can fill a tank three times faster than another pipe and both pipes can fill the tank together in 36 minutes, how long will it take for the slower pipe to fill the tank alone?','',2,1),(8,'B','The speed of the stream is 5 km/hr.','4','5','6','10','A motorboat, whose speed in 15 km/hr in still water goes 30 km downstream and comes back in a total of 4 hours 30 minutes. The speed of the stream (in km/hr) is:','A motorboat can move at a speed of 15 km/hr in still water. If it travels 30 km downstream and returns back in a total of 4 hours 30 minutes, what is the speed of the stream in km/hr?','',2,1),(9,'C','The percent he saved is approximately 30%','20','24','30','33','A man walked diagonally across a square lot. Approximately, what was the percent saved by not walking along the edges?','A man walked diagonally across a square lot. Approximately, what percent did he save by not walking along the edges?','',2,1),(10,'B','There are 2 pairs of numbers that satisfy the given conditions.','1','2','3','4','The product of two numbers is 2028 and their H.C.F. is 13. The number of such pairs is:','If the product of two numbers is 2028 and their highest common factor (H.C.F.) is 13, how many pairs of such numbers are there?','',2,1),(11,'D','The sum will be divisible by 11.','3','5','9','11','A number consists of two digits. If the digits interchange places and the new number is added to the original number, then the resulting number will be divisible by:','If a two-digit number has its digits interchanged and the resulting number is added to the original number, which of the following numbers will the sum be divisible by ?','',2,1),(12,'B','The mass of the man is 60 kg.','12 kg','60 kg','72 kg','96 kg','A boat having a length 3 m and breadth 2 m is floating on a lake. The boat sinks by 1 cm when a man gets on it. The mass of the man is:','A boat with a length of 3 meters and breadth of 2 meters floats on a lake. When a man gets on it, the boat sinks by 1 cm.What is the mass of the man if the density of water is 1000 kg/m?','',2,1),(19,'C','The Board of Industrial and Financial Reconstruction (BIFR) was established in 1987.','1984','1986','1987','1989','The Board of Industrial and Financial Reconstruction (BIFR) came into existence in','When was the Board of Industrial and Financial Reconstruction (BIFR) established?','',18,17),(20,'B','Lal Bahadur Shastri is also known as the \"Man of Peace\".','Guruji','Man of Peace','Punjab Kesari','Mahamana','Lal Bahadur Shastri is also known as ','What is Lal Bahadur Shastri also known as?','',18,17),(21,'A','A liquid asset is a type of asset that is in the form of a deposit in the current account of a commercial bank. It can be easily converted into cash without losing its value.','a type of asset that is in cash in the current account of the commercial bank','a type of asset that is in the form of a deposit in the current account of the commercial bank','either of these','None of the above','Liquid asset is ','What is a liquid asset?','',18,17),(22,'B','Moment of inertia is a scalar quantity.','vector ','scalar','phasor ','tensor','Moment of inertia is ','Is moment of inertia a vector, scalar, phasor, or tensor quantity?','',18,17),(23,'C','Dr. Pepper was invented by Charles Alderton in 1885 in Waco, Texas.','Cream soda','Coca-Cola','Dr. Pepper','Sprite','What beverage was invented by Charles Alderton in 1885 in Waco, Texas?','What beverage was invented by Charles Alderton in 1885 in Waco, Texas?','',18,17),(24,'D','Parachute','Dynamite','Ladders','Race cars','Parachute','What invention caused many deaths while testing it? ','What invention caused many deaths while testing it?','',18,17),(25,'D','According to experts, the healthiest way to view a computer monitor is by using special glasses that filter out UV rays.','Placing it 18 to 30 inches away from your eyes','Viewing from a darkened room','Adjusting the screen for maximum contrast','Using special glasses that filter out UV rays','Experts say the healthiest way to view a computer monitor is by...','What is the healthiest way to view a computer monitor, according to experts?','',18,17),(26,'A','Ramapithecus and Cro-Magnon man are considered as the ancestors of modern man.','ancestors of modern man','ancestors of monkey','ancestors of lion','None of the above','Ramapithecus and Cro-Magnon man are considered','Who are considered as the ancestors of modern man?','',18,17),(27,'A','The important industries of Assam are tea processing, oil refineries, and coal.','tea processing, oil refineries and coal','silk and plywood','both (a) and (b)','None of the above','The important industries of Assam are','What are the important industries of Assam?','',18,17),(28,'C','The scientist who first discovered that the earth revolves around the sun was Copernicus.','Newton','Dalton','Copernicus','Einstein','The scientist who first discovered that the earth revolves round the sun was','Who was the scientist who first discovered that the earth revolves around the sun?','',18,17),(31,'C','the main goal of critical thinking is  To challenge assumptions and evaluate evidence.','To blindly accept information without questioning it','To believe everything you hear or read','To challenge assumptions and evaluate evidence','To ignore conflicting information','What is the main goal of critical thinking?','What is the main goal of critical thinking?','',30,29),(32,'C','By examining the evidence, reasoning, and logic behind the argument.','By checking how many people agree with it','By finding information that confirms your own beliefs','By examining the evidence, reasoning, and logic behind the argument','By relying on personal opinions and emotions','How can you identify a well-supported argument?','How can you identify a well-supported argument?','',30,29),(33,'C','the most effective way to avoid bias in decision making  is by considering multiple perspectives and evaluating all available evidence','By ignoring all information that contradicts your beliefs','By seeking out information that confirms your opinions','By considering multiple perspectives and evaluating all available evidence','By relying solely on intuition and emotions','What is the most effective way to avoid bias in decision making?','What is the most effective way to avoid bias in decision making?','',30,29),(34,'C','By examining the reasoning and logic behind the argument, and checking for common types of fallacies such as ad hominem attacks, false dichotomies, and hasty generalizations','By agreeing with everything the argument says','By ignoring any evidence that contradicts the argument','By examining the reasoning and logic behind the argument, and checking for common types of fallacies such as ad hominem attacks, false dichotomies, and hasty generalizations','By accepting the argument without questioning it','How can you identify fallacies in an argument?','How can you identify fallacies in an argument?','',30,29),(35,'C','By breaking down the problem into smaller parts and analyzing each part','By ignoring the problem and hoping it goes away','By rushing into a solution without considering all options','By breaking down the problem into smaller parts and analyzing each part','By making assumptions without checking the facts','What is the most effective way to solve a complex problem?','What is the most effective way to solve a complex problem?','',30,29),(38,'C','To make informed, well-thought-out decisions that consider all relevant information and options.','To make decisions quickly without considering the consequences','To make decisions based on personal opinions and emotions','To make informed, well-thought-out decisions that consider all relevant information and options','To make decisions that please others, regardless of their own feelings','What is the main goal of effective decision-making?','What is the main goal of effective decision-making?','',37,36),(39,'B','By seeking out information and options, and evaluating them objectively','By ignoring available information and relying on intuition','By seeking out information and options, and evaluating them objectively','By allowing others to make decisions for you','By making decisions based solely on personal opinions and emotions','How can you improve your decision-making skills?','How can you improve your decision-making skills?','',37,36),(40,'C','By considering both potential risks and benefits and weighing them against each other','By ignoring potential risks and focusing solely on benefits','By ignoring potential benefits and focusing solely on risks','By considering both potential risks and benefits and weighing them against each other','By making decisions based solely on intuition and emotions','What is the most effective way to weigh potential risks and benefits of a decision?','What is the most effective way to weigh potential risks and benefits of a decision?','',37,36),(41,'C','By gathering additional information, if possible, and making an informed decision based on what is available.','By ignoring the limitations and making a decision based on incomplete information','By rushing into a decision without considering all options','By gathering additional information, if possible, and making an informed decision based on what is available','By relying on personal opinions and emotions','How can you make decisions in situations with limited information?','How can you make decisions in situations with limited information?','',37,36),(42,'B','the most effective way to handle conflicting opinions when making a decision is  by considering all opinions and weighing them objectively against the available evidence','By ignoring conflicting opinions and making a decision based on personal opinions and emotions','By considering all opinions and weighing them objectively against the available evidence','By allowing others to make the decision for you','By being confrontational and aggressive','What is the most effective way to handle conflicting opinions when making a decision?','What is the most effective way to handle conflicting opinions when making a decision?','',37,36),(45,'B','The pattern in this sequence is an increment of 2, where each number is obtained by adding 2 to the previous number. Therefore, the next number in the sequence would be 7 + 2 = 9. Hence, option b, which represents 9, is the correct answer.','8','9','10','11','Which number comes next in the following sequence: 1, 3, 5, 7, _','Which number comes next in the following sequence: 1, 3, 5, 7, _?','',44,43),(46,'D','The word \"carrot\" is different from the other options, which are all types of fruits (apple, orange, and banana), while a carrot is a vegetable.','Apple','Orange','Banana','Carrot','Which of the following words is different from the others?','Which of the following words is different from the others?','',44,43),(47,'A','Out of these four shapes, the circle is the odd one out because it is the only shape that does not have any corners or sides. It is a curved shape, while the other options are polygons with straight sides and defined angles.','Circle','Square','Triangle','Rectangle','Which shape is the odd one out?','Which shape is the odd one out?','',44,43),(49,'D','the missing number is 13','10','11','12','13','What is the missing number in the following sequence: 2, 5, 8, _, 14?','What is the missing number in the following sequence: 2, 5, 8, _, 14?','',44,43),(50,'B','the correct answer is \"Slow.\" This is because the other words - \"Fast,\" \"Rapid,\" and \"Speedy\" - are all synonyms that convey a similar meaning related to speed or quickness. ','Fast','Slow','Rapid','Speedy','Which word does not belong in the following group?','Which word does not belong in the following group?','',44,43),(51,'D','Mammals are a class of animals characterized by certain common features, such as having fur or hair, giving birth to live young, and producing milk to nourish their offspring. Among the given options, only the elephant is a mammal','Turtle','Lizard','Shark','Elephant','Which of the following is an example of a mammal?','Which of the following is an example of a mammal?','',44,43),(52,'A','The missing letter in the sequence is \"G\". The pattern in the sequence is that each letter is skipping one letter in the alphabet.','G','H','I','J','What is the missing letter in the following sequence: A, C, E, _?','What is the missing letter in the following sequence: A, C, E, _?','',44,43),(53,'C','The correct answer is c. Sunflower, as it does not belong to the same category as the other three options, which are all types of flowers commonly found in gardens or used as decorative plants.','Rose','Daisy','Sunflower','Tulip','Which is the odd one out?','Which is the odd one out?','',44,43),(54,'C','The synonym of \"happy\" is \"Joyful\"','Sad','Angry','Joyful','Anxious','Which of the following is a synonym for the word \"happy\"?','Which of the following is a synonym for the word \"happy\"?','',44,43),(55,'D','The correct answer is Purple. Red, Green, and Yellow are all considered primary colors, while Purple is not.','Red','Green','Yellow','Purple','Which of the following is not a primary color?','Which of the following is not a primary color?','',44,43),(58,'Savitribai Phule','','','','','','Who opened the first school for girls in India?','','',57,17),(59,'Captain Prem Mathur','','','','','','Who was the first Indian woman to become a pilot?','','',57,17),(60,'206','','','','','','How many bones does a human adult have?','','',57,17),(61,'Norway','','','','','','In which country is the Global Seed Vault located?','','',57,17),(62,'Dmitri Mendeleev','In 1869, Russian chemist Dmitri Mendeleev created the framework that became the modern periodic table, leaving gaps for elements that were yet to be discovered.','','','','','Who designed the periodic table? ','','',57,17),(63,'Calcium Carbide','External application of ethylene gas generated from various sources such as ethylene gas cylinders, compressed ethylene gas, ethanol, ethephon, etc. can be used on fruits to trigger the ripening process in fruits.','','','','','What is used for artificially ripening fruit? ','','',57,17),(64,'Carbon','Diamond is composed of the single element carbon, and it is the arrangement of the C atoms in the lattice that give diamond its amazing properties. Compare the structure of diamond and graphite, both composed of just carbon.','','','','','Which element is a diamond made of? ','','',57,17),(65,'1930','','','','','','When were the Commonwealth Games first held? ','','',57,17),(66,'Sania Mirza','Sania Mirza is the first woman in India to win World Tennis Association Title. She was ranked India\'s number 1 player by the Women\'s Tennis Association from 2003 to 2013.','','','','','Which tennis player was ranked India\'s National number 1 by the Women\'s Tennis Association for a decade (2003-2013)?  ','','',57,17),(67,'Tokyo','','','','','','What is the Capital of France?','','',57,17),(71,'3/12 or 1/4 cup.','','','','','','A recipe calls for 3/4 cup of flour, but you only have 1/3 cup. How much more flour do you need?','','',70,1),(72,'$3','','','','','','If 5 pencils cost $1.25, how much would 12 pencils cost? ','','',70,1),(73,'24','','','','','','What is the least common multiple of 6 and 8?','','',70,1),(74,'6x - 17.','','','','','','Simplify the expression: 4(x - 3) + 2x - 5. ','','',70,1),(75,'28 cm.','','','','','','A rectangle has a length of 8 cm and a width of 6 cm. What is its perimeter?  ','','',70,1),(76,'16 workers','','','','','','If 12 workers can complete a job in 8 days, how many workers are needed to complete the same job in 6 days? ','','',70,1),(77,'x = 5.','','','','','','What is the value of x in the equation 2x + 3 = 5x - 7? ','','',70,1),(78,'2/3 cup sugar and 1 cup flour.','','','','','','A recipe calls for 1/3 cup of sugar and 1/2 cup of flour. If you double the recipe, how much sugar and flour will you need? ','','',70,1),(79,'78.5 square cm.','','','','','','What is the area of a circle with a radius of 5 cm?','','',70,1),(80,'$0.45.','','','','','','If 3 apples and 4 bananas cost $2.80, and 2 apples and 3 bananas cost $2.05, how much does one apple and one banana cost?  ','','',70,1),(82,'C','','Soft','Average','Tiny  ','Weak','Choose the word which is the exact OPPOSITE of the word ENORMOUS  ?','','',81,68),(83,'D','','Courageous  ','Safe','Bold','Daring','Choose the word which best expresses the meaning of the word RECKLESS  ?','','',81,68),(84,'B','','Red','Natural','Truthful','Solid','Choose the word which is the exact OPPOSITE of the word ARTIFICAL ?','','',81,68),(85,'A','','Results  ','Conclusions  ','Difficulties','Applications','Choose the word which best expresses the meaning of the word CONSEQUENCES ?','','',81,68),(86,'B','','Divine','Immortal','Spiritual','Eternal','Choose the word which is the exact OPPOSITE of the word MORTAL ?','','',81,68),(87,'B','','Advancement','Betterment','Promotion','Preference','Choose the word which best expresses the meaning of the word IMPROVEMENT ?','','',81,68),(88,'D','','Candid','Direct','Forthright','Genuine ','Choose the word which is the exact OPPOSITE of the word FRAUDULENT  ?','','',81,68),(89,'D','','Fast','Slow','Medium','Shy','Choose the word which best expresses the meaning of the word TIMID ?','','',81,68),(90,'A','','Humble ','Cowardly  ','Egotistic  ','Gentlemanly','Choose the word which is the exact OPPOSITE of the word ARROGANT  ?','','',81,68),(91,'D','','Lengthy ','Long','detailed','Short','Choose the word which best expresses the meaning of the word BRIEF ?','','',81,68),(93,'9','The question states that all but nine sheep die, which means nine sheep are left.','','','','','A farmer has 17 sheep, and all but nine die. How many sheep does the farmer have left? ','','',92,29),(94,'They don\'t bury the survivors','The question is a play on words and is meant to challenge the reader to think critically about the wording of the question. Survivors are not buried as they are alive.','','','','','If a plane crashes on the border of the United States and Canada, where do they bury the survivors?','','',92,29),(95,'1.5 hours','If you take one pill every half hour, then the pills will last for 1.5 hours (3 pills x 0.5 hours per pill).','','','','','A doctor gives you three pills and tells you to take one every half hour. How long will the pills last?','','',92,29),(96,'It doesn\'t roll','Roosters do not lay eggs; only hens do. The question is meant to challenge the reader to think critically about the information presented.','','','','','A rooster lays an egg on the roof of a barn. Which way does the egg roll?','','',92,29),(97,'Quarter and penny','If one of the coins is not a nickel, then it must be a penny. The other coin must be a quarter in order to add up to 30 cents.','','','','','If you have two coins that add up to 30 cents, and one of them is not a nickel, what are the two coins?','','',92,29),(98,'10','If you subtract 10 from 100, you get 90. You can then subtract 10 from 90 to get 80, and so on until you have subtracted 10 from 100 a total of 10 times, leaving you with 0.','','','','','How many times can you subtract 10 from 100?','','',92,29),(101,'9','The question asks \"how many sheep are left?\" which implies that some of the sheep have died but some are still alive. Therefore, the answer is not 17 or 8 or 10 . Instead, the answer is the number of sheep that are still alive, which is 9.','','','','','A farmer has 17 sheep and all but 9 die. How many sheep are left?','','',92,29),(104,'Deductive reasoning','Deductive reasoning is a type of logical reasoning that starts with a general principle and applies it to a specific case. ','','','','','All cows are mammals. All mammals have fur. Therefore, all cows have fur. This is an example of ?','','',103,43),(105,'Deductive reasoning','using the same principle of all mammals having four legs. This conclusion logically follows from the premise that all dogs are mammals.','','','','','If all dogs are mammals, and all mammals have four legs, then all dogs have four legs. This is an example of?','','',103,43),(106,'Inductive reasoning','Inductive reasoning is a type of logical reasoning that involves drawing a conclusion based on observations or evidence.','','','','','John got an A on his math test. Therefore, John is good at math. This is an example of ?','','',103,43),(107,'32','The pattern in the given series is that each term is obtained by multiplying the previous term by 2. 2 * 2 = 4, 4 * 2 = 8, 8 * 2 = 16.So, the next term in the series would be 16 * 2 = 32.','','','','','What comes next in the series: 2, 4, 8, 16, _ ?','','',103,43),(108,'7','','','','','','If \"A\" is coded as 1, \"B\" is coded as 2, \"C\" is coded as 3, and so on, what is the code for \"G\"?','','',103,43),(109,'10','The pattern in the given sequence is that each term is obtained by adding 2 to the previous term.2 + 2 = 4,4 + 2 = 6,6 + 2 = 8So, the next term in the sequence would be 8 + 2 = 10.\r\n','','','','','What is the next number in the sequence: 2, 4, 6, 8, _ ?','','',103,43),(110,'60%','Percentage = (Part/Whole) * 100 In this case, the \"Part\" is the number of people wearing glasses, which is 30, and the \"Whole\" is the total number of people in the group, which is 50.Percentage = (30/50) * 100 = 60%\r\n','','','','','In a group of 50 people, 30 are wearing glasses. What percentage of the group is wearing glasses?','','',103,43),(111,'3:2','Ratio of cows to chickens = 20 cows / 30 chickens .To simplify the ratio, we can divide both numbers by their greatest common divisor (GCD). The GCD of 20 and 30 is 10.20 cows  10 = 2,30 chickens  10 = 3\r\n','','','','','A farmer has 20 cows and 30 chickens. What is the ratio of cows to chickens?','','',103,43),(112,'U','','','','','','What is the next letter in the series? A, E, I, M, Q, ___','','',103,43),(113,'Pentagon','The pattern in the given series is that each shape has one more side than the previous shape.So, the next shape in the pattern would have 5 sides, which corresponds to a Pentagon.','','','','','What is the next shape in the pattern? Circle, Triangle, Square, ___?','','',103,43),(115,'Ate','','','','','','What is the correct past tense of \"eat\"?','','',114,68),(116,'Leave','','','','','','What is the antonym of \"arrive\"?','','',114,68),(117,'Men','','','','','','What is the plural form of \"man\"?','','',114,68),(118,'end','','','','','','What is the antonym of \"begin\"? ','','',114,68),(119,'Huge','','','','','','What is the synonym of \"large\"? ','','',114,68),(120,'Frustrated','','','','','','What is the synonym of \"angry\"?','','',114,68),(121,'Beautiful','','','','','','What is the synonym of \"exquisite\"?','','',114,68),(122,'Data','','','','','','What is the plural form of \"datum\"?','','',114,68),(123,'Contract','','','','','','What is the antonym of \"expand\"?','','',114,68),(124,'Phenomena','','','','','','What is the correct plural form of \"phenomenon\"?','','',114,68);

/*Table structure for table `question_type_table` */

DROP TABLE IF EXISTS `question_type_table`;

CREATE TABLE `question_type_table` (
  `question_type_id` int(11) NOT NULL,
  `question_type_description` varchar(255) DEFAULT NULL,
  `question_type_name` varchar(255) DEFAULT NULL,
  `question_type_status` bit(1) DEFAULT NULL,
  `skill_id` int(11) DEFAULT NULL,
  PRIMARY KEY (`question_type_id`),
  KEY `FK5mdq7umm2sog04sambu4qqgxx` (`skill_id`),
  CONSTRAINT `FK5mdq7umm2sog04sambu4qqgxx` FOREIGN KEY (`skill_id`) REFERENCES `skill_table` (`skill_id`)
) ENGINE=InnoDB DEFAULT CHARSET=latin1;

/*Data for the table `question_type_table` */

insert  into `question_type_table`(`question_type_id`,`question_type_description`,`question_type_name`,`question_type_status`,`skill_id`) values (2,'MCQ stands for Multiple Choice Question','MCQ','',1),(18,'MCQ stands for Multiple Choice Question','MCQ','',17),(30,'MCQ stands for Multiple Choice Question','MCQ','',29),(37,'MCQ stands for Multiple Choice Question','MCQ','',36),(44,'MCQ stands for Multiple Choice Question','MCQ','',43),(57,'One-word answer questions are typically concise and require a precise response.','1 word','',17),(69,'One-word answer questions are typically concise and require a precise response. ','1 word','\0',68),(70,'One-word answer questions are typically concise and require a precise response.','1 word','',1),(81,'MCQ stands for Multiple Choice Question','MCQ','',68),(92,'One-word answer questions are typically concise and require a precise response.','1 word','',29),(102,'One-word answer questions are typically concise and require a precise response.','1 word','',36),(103,'One-word answer questions are typically concise and require a precise response.','1 word','',43),(114,'One-word answer questions are typically concise and require a precise response.','1 word','',68);

/*Table structure for table `skill_table` */

DROP TABLE IF EXISTS `skill_table`;

CREATE TABLE `skill_table` (
  `skill_id` int(11) NOT NULL,
  `skil_description` varchar(255) DEFAULT NULL,
  `skill_name` varchar(255) DEFAULT NULL,
  `skill_status` bit(1) DEFAULT NULL,
  PRIMARY KEY (`skill_id`)
) ENGINE=InnoDB DEFAULT CHARSET=latin1;

/*Data for the table `skill_table` */

insert  into `skill_table`(`skill_id`,`skil_description`,`skill_name`,`skill_status`) values (1,'Solving math problems and improving our math skills gives our brain a good workout','Arithmetic',''),(17,'General Knowledge refers to a broad range of knowledge that encompasses various subjects such as history, geography, politics, science, literature, and arts. It is the knowledge that an individual acquires through education, reading, and experience. ','General Knowledge',''),(29,'Critical thinking is a cognitive process that involves the ability to objectively analyze, evaluate, and interpret information, ideas, or situations.','Critical thinking',''),(36,'Decision making is the process of evaluating options, considering pros and cons, and making choices based on careful deliberation. It involves assessing available information, considering potential outcomes, and selecting the best course of action. ','Decision Making',''),(43,'Reasoning skills involve the ability to think logically, critically, and systematically to evaluate information, solve problems, and make informed decisions. ','Reasoning skill questions ',''),(56,'General Knowledge refers to a broad range of knowledge that encompasses various subjects such as history, geography, politics, science, literature, and arts. It is the knowledge that an individual acquires through education, reading, and experience. ','General Knowledge','\0'),(68,'Verbal refers to language-based communication involving words, speech, or writing. It encompasses various aspects of language, such as reading, writing, speaking, and listening. ','Verbal ','');

/*!40101 SET SQL_MODE=@OLD_SQL_MODE */;
/*!40014 SET FOREIGN_KEY_CHECKS=@OLD_FOREIGN_KEY_CHECKS */;
/*!40014 SET UNIQUE_CHECKS=@OLD_UNIQUE_CHECKS */;
/*!40111 SET SQL_NOTES=@OLD_SQL_NOTES */;
